split,rows,gold_valid,gold_invalid,pred_valid,pred_invalid,true_invalid,false_valid,false_invalid,true_valid,accuracy,macro_f1,valid_f1,invalid_f1
dev,5000,2500,2500,3105,1895,1887,613,8,2492,0.8758,0.873954568842422,0.8892060660124889,0.8587030716723549
test_id,5000,2500,2500,3102,1898,1890,610,8,2492,0.8764,0.8745819194372697,0.8896822563370225,0.859481582537517
test_ood,5000,2500,2500,2581,2419,928,1572,1491,1009,0.3874,0.38723918705225,0.39716591222200354,0.37731246188249645
