split,rows,gold_valid,gold_invalid,pred_valid,pred_invalid,true_invalid,false_valid,false_invalid,true_valid,accuracy,macro_f1,valid_f1,invalid_f1
dev,5000,2500,2500,3029,1971,1926,574,45,2455,0.8762,0.874798539928485,0.8880448544040513,0.8615522254529188
test_id,5000,2500,2500,3038,1962,1917,583,45,2455,0.8744,0.8729288001451687,0.8866016612495485,0.8592559390407889
test_ood,5000,2500,2500,3234,1766,770,1730,996,1504,0.4548,0.44279203461606453,0.5245901639344263,0.36099390529770276
