model,rows,accuracy,macro_f1
base,5000,0.3874,0.38723918705225
finetuned_depth5,5000,0.5028,0.33952553384721756
