split,layer,head,pairs,mean_closer_to_matching_opener,median_closer_to_matching_opener,mean_opener_to_matching_closer,median_opener_to_matching_closer,mean_closer_to_cls,mean_opener_to_cls,mean_distance
test_id,0,1,5982,0.05426100517577354,0.0423809215426445,0.029318960460697045,0.02516433410346508,0.0332105910831789,0.054484402184819584,3.3447007689735875
test_id,0,3,5982,0.0466759410961268,0.03926743566989899,0.038755874898980906,0.03335957042872906,0.04216090266025164,0.0282319571398789,3.3447007689735875
test_id,1,3,5982,0.042642931528029816,0.034944238141179085,0.038104061230743724,0.032074760645627975,0.03795892245343888,0.03793038517209931,3.3447007689735875
test_id,1,0,5982,0.04037633649516005,0.03390532173216343,0.028481570110226312,0.02256356179714203,0.03921749563255624,0.042605790935627386,3.3447007689735875
test_id,1,1,5982,0.03192995745187441,0.026492612436413765,0.041544330547822486,0.03191784769296646,0.027312087025817604,0.04289365668063927,3.3447007689735875
test_id,0,2,5982,0.03076556231951094,0.02469821833074093,0.03905343866260334,0.032931962981820107,0.06137798443736788,0.07703610312035454,3.3447007689735875
test_id,1,2,5982,0.029267848445555154,0.02451913058757782,0.03139542478693262,0.026275171898305416,0.036139582117481715,0.02358960588993545,3.3447007689735875
test_id,0,0,5982,0.024075243098584862,0.018707039766013622,0.028975602238708674,0.023191504180431366,0.04576972941626692,0.024412157259842887,3.3447007689735875
