split,layer,head,pairs,mean_closer_to_matching_opener,median_closer_to_matching_opener,mean_opener_to_matching_closer,median_opener_to_matching_closer,mean_closer_to_cls,mean_opener_to_cls,mean_distance
test_id,0,1,5982,0.05254192277975941,0.04095704108476639,0.03117480190791998,0.02656637690961361,0.03391669237387122,0.05010219354201787,3.3447007689735875
test_id,0,3,5982,0.04744065577307213,0.038757022470235825,0.039725860647903274,0.03399856947362423,0.04705855519713511,0.026108085872127172,3.3447007689735875
test_id,1,0,5982,0.041393934175202735,0.03490678779780865,0.030769647174352602,0.02462556306272745,0.03816606130000093,0.04210265608260297,3.3447007689735875
test_id,1,3,5982,0.038996840435068084,0.03207971155643463,0.03775136229570143,0.03211483918130398,0.036325702386503754,0.03693437803519839,3.3447007689735875
test_id,1,1,5982,0.03214897610995525,0.02727380581200123,0.04046236152716469,0.03120074514299631,0.03217119952382063,0.04542606713868982,3.3447007689735875
test_id,1,2,5982,0.02997682208618176,0.024884813465178013,0.03142140791696759,0.026459669694304466,0.0320408033070521,0.022892711575282224,3.3447007689735875
test_id,0,2,5982,0.029008352181009216,0.02340788021683693,0.03880679315477311,0.032898418605327606,0.0614539281658477,0.07247428208700403,3.3447007689735875
test_id,0,0,5982,0.02477338190137716,0.019420196302235126,0.02741341574808171,0.021883553825318813,0.04729198904761584,0.02389986812297737,3.3447007689735875
