split,layer,head,pairs,mean_closer_to_matching_opener,median_closer_to_matching_opener,mean_opener_to_matching_closer,median_opener_to_matching_closer,mean_closer_to_cls,mean_opener_to_cls,mean_distance
test_ood,0,1,14576,0.022818881703009594,0.01962517388164997,0.013503918527897148,0.012133218348026276,0.016517841346542998,0.025953669541007578,5.16602634467618
test_ood,0,3,14576,0.020648915381733718,0.017498591914772987,0.017916968833240062,0.016139229759573936,0.01794561353804041,0.011246874603987482,5.16602634467618
test_ood,1,0,14576,0.018365039318942712,0.016320643946528435,0.01190393093887812,0.010692408308386803,0.016932155820860554,0.017844072081448673,5.16602634467618
test_ood,1,3,14576,0.01828823466514021,0.015810448676347733,0.01682371651152794,0.014185008592903614,0.014941314814770599,0.01722736783238712,5.16602634467618
test_ood,1,1,14576,0.014418566440088081,0.012501302175223827,0.017027541304064166,0.014386923518031836,0.011381245375632836,0.018224911446613846,5.16602634467618
test_ood,1,2,14576,0.014062801484517514,0.012182638514786959,0.013812137396287215,0.012240012641996145,0.017286887262568582,0.012039521747828385,5.16602634467618
test_ood,0,2,14576,0.013266858975356368,0.01162980729714036,0.01754185482792842,0.01569050084799528,0.026290726059523557,0.033214595474818524,5.16602634467618
test_ood,0,0,14576,0.010986090490718813,0.00943764578551054,0.01277043252853383,0.011137188877910376,0.019888615082595682,0.011124982099111346,5.16602634467618
