split,layer,head,pairs,mean_closer_to_matching_opener,median_closer_to_matching_opener,mean_opener_to_matching_closer,median_opener_to_matching_closer,mean_closer_to_cls,mean_opener_to_cls,mean_distance
test_ood,0,1,14576,0.022131664599640843,0.019080141559243202,0.014008802109008737,0.012590096332132816,0.01685492379388835,0.023779550380091122,5.16602634467618
test_ood,0,3,14576,0.02149236279168666,0.01751283649355173,0.018426351687756165,0.016406177543103695,0.02051549277705195,0.010404231130884364,5.16602634467618
test_ood,1,0,14576,0.019053684740584026,0.016863510943949223,0.012923709493796287,0.011712463106960058,0.016178193047712223,0.017254779961247163,5.16602634467618
test_ood,1,3,14576,0.016792879986681396,0.01498949620872736,0.01659137730505987,0.01407261984422803,0.014734468727957091,0.01687298495436581,5.16602634467618
test_ood,1,2,14576,0.014715771148556078,0.012457007076591253,0.013737451293116596,0.012311012484133244,0.015609608682460441,0.011590247520462022,5.16602634467618
test_ood,1,1,14576,0.014473365526403178,0.012828134000301361,0.01668561321415543,0.014152921736240387,0.013311442791099302,0.01903951223130756,5.16602634467618
test_ood,0,2,14576,0.012405840989195425,0.010860288515686989,0.017571438525744092,0.015682866796851158,0.026159144769918274,0.030860249167181702,5.16602634467618
test_ood,0,0,14576,0.011253421689496714,0.009786927606910467,0.011953126072825015,0.010464418213814497,0.02049382997273366,0.010817091948387002,5.16602634467618
